gameDate;homeTeamName;awayTeamName;homeScore;awayScore;city;worldCupYear
1930-07-13;France;Mexico;4;1;Montevideo;1930
1930-07-13;Belgium;United States;0;3;Montevideo;1930
1930-07-14;Peru;Romania;1;3;Montevideo;1930
1930-07-14;Brazil;Yugoslavia;1;2;Montevideo;1930
1930-07-15;Argentina;France;1;0;Montevideo;1930
1930-07-16;Chile;Mexico;3;0;Montevideo;1930
1930-07-17;Paraguay;United States;0;3;Montevideo;1930
1930-07-17;Bolivia;Yugoslavia;0;4;Montevideo;1930
1930-07-18;Uruguay;Peru;1;0;Montevideo;1930
1930-07-19;Chile;France;1;0;Montevideo;1930
1930-07-19;Argentina;Mexico;6;3;Montevideo;1930
1930-07-20;Bolivia;Brazil;0;4;Montevideo;1930
1930-07-20;Belgium;Paraguay;0;1;Montevideo;1930
1930-07-21;Uruguay;Romania;4;0;Montevideo;1930
1930-07-22;Argentina;Chile;3;1;Montevideo;1930
1930-07-26;Argentina;United States;6;1;Montevideo;1930
1930-07-27;Uruguay;Yugoslavia;6;1;Montevideo;1930
1930-07-30;Uruguay;Argentina;4;2;Montevideo;1930
1934-05-27;Austria;France;3;2;Turin;1934
1934-05-27;Belgium;Germany;2;5;Florence;1934
1934-05-27;Egypt;Hungary;2;4;Naples;1934
1934-05-27;Czechoslovakia;Romania;2;1;Trieste;1934
1934-05-27;Brazil;Spain;1;3;Genoa;1934
1934-05-27;Argentina;Sweden;2;3;Bologna;1934
1934-05-27;Netherlands;Switzerland;2;3;Milan;1934
1934-05-27;Italy;United States;7;1;Rome;1934
1934-05-31;Austria;Hungary;2;1;Bologna;1934
1934-05-31;Italy;Spain;1;1;Florence;1934
1934-05-31;Germany;Sweden;2;1;Milan;1934
1934-05-31;Czechoslovakia;Switzerland;3;2;Turin;1934
1934-06-01;Italy;Spain;1;0;Florence;1934
1934-06-03;Italy;Austria;1;0;Milan;1934
1934-06-03;Czechoslovakia;Germany;3;1;Rome;1934
1934-06-07;Austria;Germany;2;3;Naples;1934
1934-06-10;Italy;Czechoslovakia;2;1;Rome;1934
1938-06-04;Germany;Switzerland;1;1;Paris;1938
1938-06-05;France;Belgium;3;1;Colombes;1938
1938-06-05;Hungary;Indonesia;6;0;Reims;1938
1938-06-05;Czechoslovakia;Netherlands;3;0;Le Havre;1938
1938-06-05;Italy;Norway;2;1;Marseille;1938
1938-06-05;Brazil;Poland;6;5;Strasbourg;1938
1938-06-05;Cuba;Romania;3;3;Toulouse;1938
1938-06-09;Cuba;Romania;2;1;Toulouse;1938
1938-06-09;Germany;Switzerland;2;4;Paris;1938
1938-06-12;Brazil;Czechoslovakia;1;1;Bordeaux;1938
1938-06-12;France;Italy;1;3;Colombes;1938
1938-06-12;Cuba;Sweden;0;8;Antibes;1938
1938-06-12;Hungary;Switzerland;2;0;Lille;1938
1938-06-14;Brazil;Czechoslovakia;2;1;Bordeaux;1938
1938-06-16;Brazil;Italy;1;2;Marseille;1938
1938-06-16;Hungary;Sweden;5;1;Paris;1938
1938-06-19;Hungary;Italy;2;4;Colombes;1938
1938-06-19;Brazil;Sweden;4;2;Bordeaux;1938
1950-06-24;Brazil;Mexico;4;0;Rio de Janeiro;1950
1950-06-25;Chile;England;0;2;Rio de Janeiro;1950
1950-06-25;Italy;Sweden;2;3;SÃ£o Paulo;1950
1950-06-25;Spain;United States;3;1;Curitiba;1950
1950-06-25;Switzerland;Yugoslavia;0;3;Belo Horizonte;1950
1950-06-28;Brazil;Switzerland;2;2;SÃ£o Paulo;1950
1950-06-28;Mexico;Yugoslavia;1;4;Porto Alegre;1950
1950-06-29;Chile;Spain;0;2;Rio de Janeiro;1950
1950-06-29;Paraguay;Sweden;2;2;Curitiba;1950
1950-06-29;England;United States;0;1;Belo Horizonte;1950
1950-07-01;Brazil;Yugoslavia;2;0;Rio de Janeiro;1950
1950-07-02;Italy;Paraguay;2;0;SÃ£o Paulo;1950
1950-07-02;England;Spain;0;1;Rio de Janeiro;1950
1950-07-02;Mexico;Switzerland;1;2;Porto Alegre;1950
1950-07-02;Chile;United States;5;2;Recife;1950
1950-07-02;Bolivia;Uruguay;0;8;Belo Horizonte;1950
1950-07-09;Brazil;Sweden;7;1;Rio de Janeiro;1950
1950-07-09;Spain;Uruguay;2;2;SÃ£o Paulo;1950
1950-07-13;Brazil;Spain;6;1;Rio de Janeiro;1950
1950-07-13;Sweden;Uruguay;2;3;SÃ£o Paulo;1950
1950-07-16;Spain;Sweden;1;3;SÃ£o Paulo;1950
1950-07-16;Brazil;Uruguay;1;2;Rio de Janeiro;1950
1954-06-16;Brazil;Mexico;5;0;Geneva;1954
1954-06-16;Austria;Scotland;1;0;ZÃ¼rich;1954
1954-06-16;Czechoslovakia;Uruguay;0;2;Berne;1954
1954-06-16;France;Yugoslavia;0;1;Lausanne;1954
1954-06-17;Belgium;England;4;4;Basel;1954
1954-06-17;Switzerland;Italy;2;1;Lausanne;1954
1954-06-17;Hungary;South Korea;9;0;ZÃ¼rich;1954
1954-06-17;Germany;Turkey;4;1;Berne;1954
1954-06-19;Austria;Czechoslovakia;5;0;ZÃ¼rich;1954
1954-06-19;France;Mexico;3;2;Geneva;1954
1954-06-19;Scotland;Uruguay;0;7;Basel;1954
1954-06-19;Brazil;Yugoslavia;1;1;Lausanne;1954
1954-06-20;Switzerland;England;0;2;Berne;1954
1954-06-20;Germany;Hungary;3;8;Basel;1954
1954-06-20;Belgium;Italy;1;4;Lugano;1954
1954-06-20;South Korea;Turkey;0;7;Geneva;1954
1954-06-23;Switzerland;Italy;4;1;Basel;1954
1954-06-23;Germany;Turkey;7;2;ZÃ¼rich;1954
1954-06-26;Switzerland;Austria;5;7;Lausanne;1954
1954-06-26;England;Uruguay;2;4;Basel;1954
1954-06-27;Brazil;Hungary;2;4;Berne;1954
1954-06-27;Germany;Yugoslavia;2;0;Geneva;1954
1954-06-30;Austria;Germany;1;6;Basel;1954
1954-06-30;Hungary;Uruguay;4;2;Lausanne;1954
1954-07-03;Austria;Uruguay;3;1;ZÃ¼rich;1954
1954-07-04;Germany;Hungary;3;2;Berne;1954
1958-06-08;Austria;Brazil;0;3;Uddevalla;1958
1958-06-08;Argentina;Germany;1;3;MalmÃ¶;1958
1958-06-08;Sweden;Mexico;3;0;Solna;1958
1958-06-08;Czechoslovakia;Northern Ireland;0;1;Halmstad;1958
1958-06-08;France;Paraguay;7;3;NorrkÃ¶ping;1958
1958-06-08;England;Russia;2;2;Gothenburg;1958
1958-06-08;Hungary;Wales;1;1;Sandviken;1958
1958-06-08;Scotland;Yugoslavia;1;1;VÃ¤sterÃ¥s;1958
1958-06-11;Brazil;England;0;0;Gothenburg;1958
1958-06-11;Czechoslovakia;Germany;2;2;Helsingborg;1958
1958-06-11;Argentina;Northern Ireland;3;1;Halmstad;1958
1958-06-11;Austria;Russia;0;2;BorÃ¥s;1958
1958-06-11;Paraguay;Scotland;3;2;NorrkÃ¶ping;1958
1958-06-11;Mexico;Wales;1;1;Solna;1958
1958-06-11;France;Yugoslavia;2;3;VÃ¤sterÃ¥s;1958
1958-06-12;Sweden;Hungary;2;1;Solna;1958
1958-06-15;Argentina;Czechoslovakia;1;6;Helsingborg;1958
1958-06-15;Austria;England;2;2;BorÃ¥s;1958
1958-06-15;Hungary;Mexico;4;0;Sandviken;1958
1958-06-15;Germany;Northern Ireland;2;2;MalmÃ¶;1958
1958-06-15;Brazil;Russia;2;0;Gothenburg;1958
1958-06-15;France;Scotland;2;1;Ã–rebro;1958
1958-06-15;Sweden;Wales;0;0;Solna;1958
1958-06-15;Paraguay;Yugoslavia;3;3;Eskilstuna;1958
1958-06-17;Czechoslovakia;Northern Ireland;1;2;MalmÃ¶;1958
1958-06-17;England;Russia;0;1;Gothenburg;1958
1958-06-17;Hungary;Wales;1;2;Solna;1958
1958-06-19;France;Northern Ireland;4;0;NorrkÃ¶ping;1958
1958-06-19;Sweden;Russia;2;0;Solna;1958
1958-06-19;Brazil;Wales;1;0;Gothenburg;1958
1958-06-19;Germany;Yugoslavia;1;0;MalmÃ¶;1958
1958-06-24;Brazil;France;5;2;Solna;1958
1958-06-24;Sweden;Germany;3;1;Gothenburg;1958
1958-06-28;France;Germany;6;3;Gothenburg;1958
1958-06-29;Sweden;Brazil;2;5;Solna;1958
1962-05-30;Argentina;Bulgaria;1;0;Rancagua;1962
1962-05-30;Brazil;Mexico;2;0;ViÃ±a del Mar;1962
1962-05-30;Chile;Switzerland;3;1;Santiago;1962
1962-05-30;Colombia;Uruguay;1;2;Arica;1962
1962-05-31;England;Hungary;1;2;Rancagua;1962
1962-05-31;Germany;Italy;0;0;Santiago;1962
1962-05-31;Czechoslovakia;Spain;1;0;ViÃ±a del Mar;1962
1962-05-31;Russia;Yugoslavia;2;0;Arica;1962
1962-06-02;Brazil;Czechoslovakia;0;0;ViÃ±a del Mar;1962
1962-06-02;Argentina;England;1;3;Rancagua;1962
1962-06-02;Chile;Italy;2;0;Santiago;1962
1962-06-02;Uruguay;Yugoslavia;1;3;Arica;1962
1962-06-03;Bulgaria;Hungary;1;6;Rancagua;1962
1962-06-03;Colombia;Russia;4;4;Arica;1962
1962-06-03;Mexico;Spain;0;1;ViÃ±a del Mar;1962
1962-06-03;Germany;Switzerland;2;1;Santiago;1962
1962-06-06;Chile;Germany;0;2;Santiago;1962
1962-06-06;Argentina;Hungary;0;0;Rancagua;1962
1962-06-06;Brazil;Spain;2;1;ViÃ±a del Mar;1962
1962-06-06;Russia;Uruguay;2;1;Arica;1962
1962-06-07;Bulgaria;England;0;0;Rancagua;1962
1962-06-07;Czechoslovakia;Mexico;1;3;ViÃ±a del Mar;1962
1962-06-07;Italy;Switzerland;3;0;Santiago;1962
1962-06-07;Colombia;Yugoslavia;0;5;Arica;1962
1962-06-10;Brazil;England;3;1;ViÃ±a del Mar;1962
1962-06-10;Czechoslovakia;Hungary;1;0;Rancagua;1962
1962-06-10;Chile;Russia;2;1;Arica;1962
1962-06-10;Germany;Yugoslavia;0;1;Santiago;1962
1962-06-13;Chile;Brazil;2;4;Santiago;1962
1962-06-13;Czechoslovakia;Yugoslavia;3;1;ViÃ±a del Mar;1962
1962-06-16;Chile;Yugoslavia;1;0;Santiago;1962
1962-06-17;Brazil;Czechoslovakia;3;1;Santiago;1962
1966-07-11;England;Uruguay;0;0;London;1966
1966-07-12;Brazil;Bulgaria;2;0;Liverpool;1966
1966-07-12;North Korea;Russia;0;3;Middlesbrough;1966
1966-07-12;Germany;Switzerland;5;0;Sheffield;1966
1966-07-13;Chile;Italy;0;2;Sunderland;1966
1966-07-13;France;Mexico;1;1;London;1966
1966-07-13;Hungary;Portugal;1;3;Manchester;1966
1966-07-13;Argentina;Spain;2;1;Birmingham;1966
1966-07-15;Brazil;Hungary;1;3;Liverpool;1966
1966-07-15;Chile;North Korea;1;1;Middlesbrough;1966
1966-07-15;Spain;Switzerland;2;1;Sheffield;1966
1966-07-15;France;Uruguay;1;2;London;1966
1966-07-16;Argentina;Germany;0;0;Birmingham;1966
1966-07-16;England;Mexico;2;0;London;1966
1966-07-16;Bulgaria;Portugal;0;3;Manchester;1966
1966-07-16;Italy;Russia;0;1;Sunderland;1966
1966-07-19;Italy;North Korea;0;1;Middlesbrough;1966
1966-07-19;Brazil;Portugal;1;3;Liverpool;1966
1966-07-19;Argentina;Switzerland;2;0;Sheffield;1966
1966-07-19;Mexico;Uruguay;0;0;London;1966
1966-07-20;England;France;2;0;London;1966
1966-07-20;Bulgaria;Hungary;1;3;Manchester;1966
1966-07-20;Chile;Russia;1;2;Sunderland;1966
1966-07-20;Germany;Spain;2;1;Birmingham;1966
1966-07-23;England;Argentina;1;0;London;1966
1966-07-23;North Korea;Portugal;3;5;Liverpool;1966
1966-07-23;Hungary;Russia;1;2;Sunderland;1966
1966-07-23;Germany;Uruguay;4;0;Sheffield;1966
1966-07-25;Germany;Russia;2;1;Liverpool;1966
1966-07-26;England;Portugal;2;1;London;1966
1966-07-28;Portugal;Russia;2;1;London;1966
1966-07-30;England;Germany;4;2;London;1966
1970-05-31;Mexico;Russia;0;0;Mexico City;1970
1970-06-02;Bulgaria;Peru;2;3;LeÃ³n;1970
1970-06-02;England;Romania;1;0;Guadalajara;1970
1970-06-02;Israel;Uruguay;0;2;Puebla;1970
1970-06-03;Brazil;Czechoslovakia;4;1;Guadalajara;1970
1970-06-03;Belgium;El Salvador;3;0;Mexico City;1970
1970-06-03;Germany;Morocco;2;1;LeÃ³n;1970
1970-06-03;Italy;Sweden;1;0;Toluca;1970
1970-06-06;Morocco;Peru;0;3;LeÃ³n;1970
1970-06-06;Czechoslovakia;Romania;1;2;Guadalajara;1970
1970-06-06;Belgium;Russia;1;4;Mexico City;1970
1970-06-06;Italy;Uruguay;0;0;Puebla;1970
1970-06-07;Mexico;El Salvador;4;0;Mexico City;1970
1970-06-07;Brazil;England;1;0;Guadalajara;1970
1970-06-07;Bulgaria;Germany;2;5;LeÃ³n;1970
1970-06-07;Israel;Sweden;1;1;Toluca;1970
1970-06-10;Germany;Peru;3;1;LeÃ³n;1970
1970-06-10;Brazil;Romania;3;2;Guadalajara;1970
1970-06-10;El Salvador;Russia;0;2;Mexico City;1970
1970-06-10;Sweden;Uruguay;1;0;Puebla;1970
1970-06-11;Mexico;Belgium;1;0;Mexico City;1970
1970-06-11;Czechoslovakia;England;0;1;Guadalajara;1970
1970-06-11;Israel;Italy;0;0;Toluca;1970
1970-06-11;Bulgaria;Morocco;1;1;LeÃ³n;1970
1970-06-14;England;Germany;2;3;LeÃ³n;1970
1970-06-14;Mexico;Italy;1;4;Toluca;1970
1970-06-14;Brazil;Peru;4;2;Guadalajara;1970
1970-06-14;Russia;Uruguay;0;1;Mexico City;1970
1970-06-17;Germany;Italy;3;4;Mexico City;1970
1970-06-17;Brazil;Uruguay;3;1;Guadalajara;1970
1970-06-20;Germany;Uruguay;1;0;Mexico City;1970
1970-06-21;Brazil;Italy;4;1;Mexico City;1970
1974-06-13;Brazil;Yugoslavia;0;0;Frankfurt am Main;1974
1974-06-14;East Germany;Australia;2;0;Hamburg;1974
1974-06-14;Germany;Chile;1;0;Berlin;1974
1974-06-14;DR Congo;Scotland;0;2;Dortmund;1974
1974-06-15;Poland;Argentina;3;2;Stuttgart;1974
1974-06-15;Sweden;Bulgaria;0;0;DÃ¼sseldorf;1974
1974-06-15;Italy;Haiti;3;1;Munich;1974
1974-06-15;Uruguay;Netherlands;0;2;Hanover;1974
1974-06-18;Germany;Australia;3;0;Hamburg;1974
1974-06-18;Scotland;Brazil;0;0;Frankfurt am Main;1974
1974-06-18;Yugoslavia;DR Congo;9;0;Gelsenkirchen;1974
1974-06-18;Chile;East Germany;1;1;Berlin;1974
1974-06-19;Argentina;Italy;1;1;Stuttgart;1974
1974-06-19;Haiti;Poland;0;7;Munich;1974
1974-06-19;Netherlands;Sweden;0;0;Dortmund;1974
1974-06-19;Bulgaria;Uruguay;1;1;Hanover;1974
1974-06-22;DR Congo;Brazil;0;3;Gelsenkirchen;1974
1974-06-22;Australia;Chile;0;0;Berlin;1974
1974-06-22;Germany;East Germany;0;1;Hamburg;1974
1974-06-22;Scotland;Yugoslavia;1;1;Frankfurt am Main;1974
1974-06-23;Argentina;Haiti;4;1;Munich;1974
1974-06-23;Poland;Italy;2;1;Stuttgart;1974
1974-06-23;Bulgaria;Netherlands;1;4;Dortmund;1974
1974-06-23;Sweden;Uruguay;3;0;DÃ¼sseldorf;1974
1974-06-26;Netherlands;Argentina;4;0;Gelsenkirchen;1974
1974-06-26;Brazil;East Germany;1;0;Hanover;1974
1974-06-26;Sweden;Poland;0;1;Stuttgart;1974
1974-06-26;Germany;Yugoslavia;2;0;DÃ¼sseldorf;1974
1974-06-30;Argentina;Brazil;1;2;Hanover;1974
1974-06-30;East Germany;Netherlands;0;2;Gelsenkirchen;1974
1974-06-30;Germany;Sweden;4;2;DÃ¼sseldorf;1974
1974-06-30;Poland;Yugoslavia;2;1;Frankfurt am Main;1974
1974-07-03;Netherlands;Brazil;2;0;Dortmund;1974
1974-07-03;Argentina;East Germany;1;1;Gelsenkirchen;1974
1974-07-03;Germany;Poland;1;0;Frankfurt am Main;1974
1974-07-03;Sweden;Yugoslavia;2;1;DÃ¼sseldorf;1974
1974-07-06;Brazil;Poland;0;1;Munich;1974
1974-07-07;Germany;Netherlands;2;1;Munich;1974
1978-06-01;Germany;Poland;0;0;Buenos Aires;1978
1978-06-02;Argentina;Hungary;2;1;Buenos Aires;1978
1978-06-02;France;Italy;1;2;Mar del Plata;1978
1978-06-02;Mexico;Tunisia;1;3;Rosario;1978
1978-06-03;Iran;Netherlands;0;3;Mendoza;1978
1978-06-03;Peru;Scotland;3;1;CÃ³rdoba;1978
1978-06-03;Austria;Spain;2;1;Buenos Aires;1978
1978-06-03;Brazil;Sweden;1;1;Mar del Plata;1978
1978-06-06;Argentina;France;2;1;Buenos Aires;1978
1978-06-06;Hungary;Italy;1;3;Mar del Plata;1978
1978-06-06;Germany;Mexico;6;0;CÃ³rdoba;1978
1978-06-06;Poland;Tunisia;1;0;Rosario;1978
1978-06-07;Netherlands;Peru;0;0;Mendoza;1978
1978-06-07;Iran;Scotland;1;1;CÃ³rdoba;1978
1978-06-07;Brazil;Spain;0;0;Mar del Plata;1978
1978-06-07;Austria;Sweden;1;0;Buenos Aires;1978
1978-06-10;France;Hungary;3;1;Mar del Plata;1978
1978-06-10;Argentina;Italy;0;1;Buenos Aires;1978
1978-06-10;Mexico;Poland;1;3;Rosario;1978
1978-06-10;Germany;Tunisia;0;0;CÃ³rdoba;1978
1978-06-11;Austria;Brazil;0;1;Mar del Plata;1978
1978-06-11;Iran;Peru;1;4;CÃ³rdoba;1978
1978-06-11;Netherlands;Scotland;2;3;Mendoza;1978
1978-06-11;Spain;Sweden;1;0;Buenos Aires;1978
1978-06-14;Germany;Italy;0;0;Buenos Aires;1978
1978-06-14;Austria;Netherlands;1;5;CÃ³rdoba;1978
1978-06-14;Brazil;Peru;3;0;Mendoza;1978
1978-06-14;Argentina;Poland;2;0;Rosario;1978
1978-06-18;Argentina;Brazil;0;0;Rosario;1978
1978-06-18;Austria;Italy;0;1;Buenos Aires;1978
1978-06-18;Germany;Netherlands;2;2;CÃ³rdoba;1978
1978-06-18;Peru;Poland;0;1;Mendoza;1978
1978-06-21;Austria;Germany;3;2;CÃ³rdoba;1978
1978-06-21;Italy;Netherlands;1;2;Buenos Aires;1978
1978-06-21;Argentina;Peru;6;0;Rosario;1978
1978-06-21;Brazil;Poland;3;1;Mendoza;1978
1978-06-24;Brazil;Italy;2;1;Buenos Aires;1978
1978-06-25;Argentina;Netherlands;3;1;Buenos Aires;1978
1982-06-13;Argentina;Belgium;0;1;Barcelona;1982
1982-06-14;Italy;Poland;0;0;Vigo;1982
1982-06-14;Brazil;Russia;2;1;Seville;1982
1982-06-15;Peru;Cameroon;0;0;La CoruÃ±a;1982
1982-06-15;Hungary;El Salvador;10;1;Elche;1982
1982-06-15;Scotland;New Zealand;5;2;MÃ¡laga;1982
1982-06-16;Germany;Algeria;1;2;GijÃ³n;1982
1982-06-16;England;France;3;1;Bilbao;1982
1982-06-16;Spain;Honduras;1;1;Valencia;1982
1982-06-17;Chile;Austria;0;1;Oviedo;1982
1982-06-17;Czechoslovakia;Kuwait;1;1;Valladolid;1982
1982-06-17;Yugoslavia;Northern Ireland;0;0;Zaragoza;1982
1982-06-18;Argentina;Hungary;4;1;Alicante;1982
1982-06-18;Italy;Peru;1;1;Vigo;1982
1982-06-18;Brazil;Scotland;4;1;Seville;1982
1982-06-19;Poland;Cameroon;0;0;La CoruÃ±a;1982
1982-06-19;Belgium;El Salvador;1;0;Elche;1982
1982-06-19;Russia;New Zealand;3;0;MÃ¡laga;1982
1982-06-20;Germany;Chile;4;1;GijÃ³n;1982
1982-06-20;England;Czechoslovakia;2;0;Bilbao;1982
1982-06-20;Spain;Yugoslavia;2;1;Valencia;1982
1982-06-21;Algeria;Austria;0;2;Oviedo;1982
1982-06-21;France;Kuwait;4;1;Valladolid;1982
1982-06-21;Honduras;Northern Ireland;1;1;Zaragoza;1982
1982-06-22;Belgium;Hungary;1;1;Elche;1982
1982-06-22;Poland;Peru;5;1;La CoruÃ±a;1982
1982-06-22;Russia;Scotland;2;2;MÃ¡laga;1982
1982-06-23;Italy;Cameroon;1;1;Vigo;1982
1982-06-23;Argentina;El Salvador;2;0;Alicante;1982
1982-06-23;Brazil;New Zealand;4;0;Seville;1982
1982-06-24;Algeria;Chile;3;2;Oviedo;1982
1982-06-24;France;Czechoslovakia;1;1;Valladolid;1982
1982-06-24;Honduras;Yugoslavia;0;1;Zaragoza;1982
1982-06-25;Germany;Austria;1;0;GijÃ³n;1982
1982-06-25;England;Kuwait;1;0;Bilbao;1982
1982-06-25;Spain;Northern Ireland;0;1;Valencia;1982
1982-06-28;Poland;Belgium;3;0;Barcelona;1982
1982-06-28;Austria;France;0;1;Madrid;1982
1982-06-29;Italy;Argentina;2;1;Barcelona;1982
1982-06-29;Germany;England;0;0;Madrid;1982
1982-07-01;Austria;Northern Ireland;2;2;Madrid;1982
1982-07-01;Belgium;Russia;0;1;Barcelona;1982
1982-07-02;Argentina;Brazil;1;3;Barcelona;1982
1982-07-02;Spain;Germany;1;2;Madrid;1982
1982-07-04;France;Northern Ireland;4;1;Madrid;1982
1982-07-04;Poland;Russia;0;0;Barcelona;1982
1982-07-05;Italy;Brazil;3;2;Barcelona;1982
1982-07-05;Spain;England;0;0;Madrid;1982
1982-07-08;Germany;France;3;3;Seville;1982
1982-07-08;Poland;Italy;0;2;Barcelona;1982
1982-07-10;Poland;France;3;2;Alicante;1982
1982-07-11;Italy;Germany;3;1;Madrid;1982
1986-05-31;Bulgaria;Italy;1;1;Mexico City;1986
1986-06-01;Spain;Brazil;0;1;Guadalajara;1986
1986-06-01;Canada;France;0;1;LeÃ³n;1986
1986-06-02;Russia;Hungary;6;0;Irapuato;1986
1986-06-02;Morocco;Poland;0;0;Monterrey;1986
1986-06-02;Argentina;South Korea;3;1;Mexico City;1986
1986-06-03;Mexico;Belgium;2;1;Mexico City;1986
1986-06-03;Portugal;England;1;0;Monterrey;1986
1986-06-03;Algeria;Northern Ireland;1;1;Guadalajara;1986
1986-06-04;Scotland;Denmark;0;1;NezahualcÃ³yotl;1986
1986-06-04;Uruguay;Germany;1;1;QuerÃ©taro;1986
1986-06-04;Paraguay;Iraq;1;0;Toluca;1986
1986-06-05;Italy;Argentina;1;1;Puebla;1986
1986-06-05;South Korea;Bulgaria;1;1;Mexico City;1986
1986-06-05;France;Russia;1;1;LeÃ³n;1986
1986-06-06;Brazil;Algeria;1;0;Guadalajara;1986
1986-06-06;Hungary;Canada;2;0;Irapuato;1986
1986-06-06;England;Morocco;0;0;Monterrey;1986
1986-06-07;Mexico;Paraguay;1;1;Mexico City;1986
1986-06-07;Poland;Portugal;1;0;Monterrey;1986
1986-06-07;Northern Ireland;Spain;1;2;Guadalajara;1986
1986-06-08;Iraq;Belgium;1;2;Toluca;1986
1986-06-08;Germany;Scotland;2;1;QuerÃ©taro;1986
1986-06-08;Denmark;Uruguay;6;1;NezahualcÃ³yotl;1986
1986-06-09;Russia;Canada;2;0;Irapuato;1986
1986-06-09;Hungary;France;0;3;LeÃ³n;1986
1986-06-10;Argentina;Bulgaria;2;0;Mexico City;1986
1986-06-10;South Korea;Italy;2;3;Puebla;1986
1986-06-11;Paraguay;Belgium;2;2;Toluca;1986
1986-06-11;Mexico;Iraq;1;0;Mexico City;1986
1986-06-11;Portugal;Morocco;1;3;Guadalajara;1986
1986-06-11;England;Poland;3;0;Monterrey;1986
1986-06-12;Northern Ireland;Brazil;0;3;Guadalajara;1986
1986-06-12;Algeria;Spain;0;3;Monterrey;1986
1986-06-13;Denmark;Germany;2;0;QuerÃ©taro;1986
1986-06-13;Scotland;Uruguay;0;0;NezahualcÃ³yotl;1986
1986-06-15;Russia;Belgium;3;4;LeÃ³n;1986
1986-06-15;Mexico;Bulgaria;2;0;Mexico City;1986
1986-06-16;Brazil;Poland;4;0;Guadalajara;1986
1986-06-16;Argentina;Uruguay;1;0;Puebla;1986
1986-06-17;Italy;France;0;2;Mexico City;1986
1986-06-17;Morocco;Germany;0;1;Monterrey;1986
1986-06-18;England;Paraguay;3;0;Mexico City;1986
1986-06-18;Denmark;Spain;1;5;QuerÃ©taro;1986
1986-06-21;Brazil;France;1;1;Guadalajara;1986
1986-06-21;Mexico;Germany;0;0;Monterrey;1986
1986-06-22;Spain;Belgium;1;1;Puebla;1986
1986-06-22;Argentina;England;2;1;Mexico City;1986
1986-06-25;Argentina;Belgium;2;0;Mexico City;1986
1986-06-25;France;Germany;0;2;Guadalajara;1986
1986-06-28;France;Belgium;4;2;Puebla;1986
1986-06-29;Argentina;Germany;3;2;Mexico City;1986
1990-06-08;Argentina;Cameroon;0;1;Milan;1990
1990-06-09;Italy;Austria;1;0;Rome;1990
1990-06-09;United Arab Emirates;Colombia;0;2;Bologna;1990
1990-06-09;Russia;Romania;0;2;Bari;1990
1990-06-10;United States;Czechoslovakia;1;5;Florence;1990
1990-06-10;Brazil;Sweden;2;1;Turin;1990
1990-06-10;Germany;Yugoslavia;4;1;Milan;1990
1990-06-11;England;Republic of Ireland;1;1;Cagliari;1990
1990-06-11;Costa Rica;Scotland;1;0;Genoa;1990
1990-06-12;Netherlands;Egypt;1;1;Palermo;1990
1990-06-12;Belgium;South Korea;2;0;Verona;1990
1990-06-13;Argentina;Russia;2;0;Naples;1990
1990-06-13;Uruguay;Spain;0;0;Udine;1990
1990-06-14;Yugoslavia;Colombia;1;0;Bologna;1990
1990-06-14;Cameroon;Romania;2;1;Bari;1990
1990-06-14;Italy;United States;1;0;Rome;1990
1990-06-15;Austria;Czechoslovakia;0;1;Florence;1990
1990-06-15;Germany;United Arab Emirates;5;1;Milan;1990
1990-06-16;Brazil;Costa Rica;1;0;Turin;1990
1990-06-16;England;Netherlands;0;0;Cagliari;1990
1990-06-16;Sweden;Scotland;1;2;Genoa;1990
1990-06-17;Republic of Ireland;Egypt;0;0;Palermo;1990
1990-06-17;South Korea;Spain;1;3;Udine;1990
1990-06-17;Belgium;Uruguay;3;1;Verona;1990
1990-06-18;Argentina;Romania;1;1;Naples;1990
1990-06-18;Cameroon;Russia;0;4;Bari;1990
1990-06-19;Germany;Colombia;1;1;Milan;1990
1990-06-19;Italy;Czechoslovakia;2;0;Rome;1990
1990-06-19;Yugoslavia;United Arab Emirates;4;1;Bologna;1990
1990-06-19;Austria;United States;2;1;Florence;1990
1990-06-20;Sweden;Costa Rica;1;2;Genoa;1990
1990-06-20;Brazil;Scotland;1;0;Turin;1990
1990-06-21;England;Egypt;1;0;Cagliari;1990
1990-06-21;Republic of Ireland;Netherlands;1;1;Palermo;1990
1990-06-21;Belgium;Spain;1;2;Verona;1990
1990-06-21;South Korea;Uruguay;0;1;Udine;1990
1990-06-23;Cameroon;Colombia;2;1;Naples;1990
1990-06-23;Czechoslovakia;Costa Rica;4;1;Bari;1990
1990-06-24;Brazil;Argentina;0;1;Turin;1990
1990-06-24;Germany;Netherlands;2;1;Milan;1990
1990-06-25;Republic of Ireland;Romania;0;0;Genoa;1990
1990-06-25;Italy;Uruguay;2;0;Rome;1990
1990-06-26;England;Belgium;1;0;Bologna;1990
1990-06-26;Spain;Yugoslavia;1;2;Verona;1990
1990-06-30;Yugoslavia;Argentina;0;0;Florence;1990
1990-06-30;Italy;Republic of Ireland;1;0;Rome;1990
1990-07-01;Germany;Czechoslovakia;1;0;Milan;1990
1990-07-01;Cameroon;England;2;3;Naples;1990
1990-07-03;Italy;Argentina;1;1;Naples;1990
1990-07-04;Germany;England;1;1;Turin;1990
1990-07-07;Italy;England;2;1;Bari;1990
1990-07-08;Germany;Argentina;1;0;Rome;1990
1994-06-17;Germany;Bolivia;1;0;Chicago;1994
1994-06-17;Spain;South Korea;2;2;Dallas;1994
1994-06-18;Italy;Republic of Ireland;0;1;East Rutherford;1994
1994-06-18;Colombia;Romania;1;3;Pasadena;1994
1994-06-18;United States;Switzerland;1;1;Pontiac;1994
1994-06-19;Norway;Mexico;1;0;Washington;1994
1994-06-19;Belgium;Morocco;1;0;Orlando;1994
1994-06-19;Cameroon;Sweden;2;2;Pasadena;1994
1994-06-20;Brazil;Russia;2;0;Palo Alto;1994
1994-06-20;Netherlands;Saudi Arabia;2;1;Washington;1994
1994-06-21;Nigeria;Bulgaria;3;0;Dallas;1994
1994-06-21;Argentina;Greece;4;0;Foxborough;1994
1994-06-21;Germany;Spain;1;1;Chicago;1994
1994-06-22;United States;Colombia;2;1;Pasadena;1994
1994-06-22;Romania;Switzerland;1;4;Pontiac;1994
1994-06-23;South Korea;Bolivia;0;0;Foxborough;1994
1994-06-23;Italy;Norway;1;0;East Rutherford;1994
1994-06-24;Brazil;Cameroon;3;0;Palo Alto;1994
1994-06-24;Mexico;Republic of Ireland;2;1;Orlando;1994
1994-06-24;Sweden;Russia;3;1;Pontiac;1994
1994-06-25;Saudi Arabia;Morocco;2;1;East Rutherford;1994
1994-06-25;Belgium;Netherlands;1;0;Orlando;1994
1994-06-25;Argentina;Nigeria;2;1;Foxborough;1994
1994-06-26;Switzerland;Colombia;0;2;Palo Alto;1994
1994-06-26;Bulgaria;Greece;4;0;Chicago;1994
1994-06-26;United States;Romania;0;1;Pasadena;1994
1994-06-27;Germany;South Korea;3;2;Dallas;1994
1994-06-27;Bolivia;Spain;1;3;Chicago;1994
1994-06-28;Russia;Cameroon;6;1;Palo Alto;1994
1994-06-28;Italy;Mexico;1;1;Washington;1994
1994-06-28;Republic of Ireland;Norway;0;0;East Rutherford;1994
1994-06-28;Brazil;Sweden;1;1;Pontiac;1994
1994-06-29;Morocco;Netherlands;1;2;Orlando;1994
1994-06-29;Belgium;Saudi Arabia;0;1;Washington;1994
1994-06-30;Argentina;Bulgaria;0;2;Dallas;1994
1994-06-30;Greece;Nigeria;0;2;Foxborough;1994
1994-07-02;Germany;Belgium;3;2;Chicago;1994
1994-07-02;Spain;Switzerland;3;0;Washington;1994
1994-07-03;Romania;Argentina;3;2;Pasadena;1994
1994-07-03;Saudi Arabia;Sweden;1;3;Dallas;1994
1994-07-04;United States;Brazil;0;1;Palo Alto;1994
1994-07-04;Netherlands;Republic of Ireland;2;0;Orlando;1994
1994-07-05;Mexico;Bulgaria;1;1;East Rutherford;1994
1994-07-05;Nigeria;Italy;1;2;Foxborough;1994
1994-07-09;Netherlands;Brazil;2;3;Dallas;1994
1994-07-09;Italy;Spain;2;1;Foxborough;1994
1994-07-10;Bulgaria;Germany;2;1;East Rutherford;1994
1994-07-10;Romania;Sweden;2;2;Palo Alto;1994
1994-07-13;Sweden;Brazil;0;1;Pasadena;1994
1994-07-13;Bulgaria;Italy;1;2;East Rutherford;1994
1994-07-16;Sweden;Bulgaria;4;0;Pasadena;1994
1994-07-17;Brazil;Italy;0;0;Pasadena;1994
1998-06-10;Morocco;Norway;2;2;Montpellier;1998
1998-06-10;Brazil;Scotland;2;1;Saint-Denis;1998
1998-06-11;Cameroon;Austria;1;1;Toulouse;1998
1998-06-11;Italy;Chile;2;2;Bordeaux;1998
1998-06-12;Paraguay;Bulgaria;0;0;Montpellier;1998
1998-06-12;Saudi Arabia;Denmark;0;1;Lens;1998
1998-06-12;France;South Africa;3;0;Marseille;1998
1998-06-13;Netherlands;Belgium;0;0;Saint-Denis;1998
1998-06-13;South Korea;Mexico;1;3;Lyon;1998
1998-06-13;Spain;Nigeria;2;3;Nantes;1998
1998-06-14;Jamaica;Croatia;1;3;Lens;1998
1998-06-14;Serbia;Iran;1;0;Saint-Ã‰tienne;1998
1998-06-14;Argentina;Japan;1;0;Toulouse;1998
1998-06-15;Romania;Colombia;1;0;Lyon;1998
1998-06-15;England;Tunisia;2;0;Marseille;1998
1998-06-15;Germany;United States;2;0;Paris;1998
1998-06-16;Brazil;Morocco;3;0;Nantes;1998
1998-06-16;Scotland;Norway;1;1;Bordeaux;1998
1998-06-17;Chile;Austria;1;1;Saint-Ã‰tienne;1998
1998-06-17;Italy;Cameroon;3;0;Montpellier;1998
1998-06-18;South Africa;Denmark;1;1;Toulouse;1998
1998-06-18;France;Saudi Arabia;4;0;Saint-Denis;1998
1998-06-19;Nigeria;Bulgaria;1;0;Paris;1998
1998-06-19;Spain;Paraguay;0;0;Saint-Ã‰tienne;1998
1998-06-20;Japan;Croatia;0;1;Nantes;1998
1998-06-20;Belgium;Mexico;2;2;Bordeaux;1998
1998-06-20;Netherlands;South Korea;5;0;Marseille;1998
1998-06-21;United States;Iran;1;2;Lyon;1998
1998-06-21;Argentina;Jamaica;5;0;Paris;1998
1998-06-21;Germany;Serbia;2;2;Lens;1998
1998-06-22;Romania;England;2;1;Toulouse;1998
1998-06-22;Colombia;Tunisia;1;0;Montpellier;1998
1998-06-23;Italy;Austria;2;1;Saint-Denis;1998
1998-06-23;Chile;Cameroon;1;1;Nantes;1998
1998-06-23;Scotland;Morocco;0;3;Saint-Ã‰tienne;1998
1998-06-23;Brazil;Norway;1;2;Marseille;1998
1998-06-24;Spain;Bulgaria;6;1;Lens;1998
1998-06-24;France;Denmark;2;1;Lyon;1998
1998-06-24;Nigeria;Paraguay;1;3;Toulouse;1998
1998-06-24;South Africa;Saudi Arabia;2;2;Bordeaux;1998
1998-06-25;Germany;Iran;2;0;Montpellier;1998
1998-06-25;Netherlands;Mexico;2;2;Saint-Ã‰tienne;1998
1998-06-25;United States;Serbia;0;1;Nantes;1998
1998-06-25;Belgium;South Korea;1;1;Paris;1998
1998-06-26;Argentina;Croatia;1;0;Bordeaux;1998
1998-06-26;Colombia;England;0;2;Lens;1998
1998-06-26;Japan;Jamaica;1;2;Lyon;1998
1998-06-26;Romania;Tunisia;1;1;Saint-Denis;1998
1998-06-27;Brazil;Chile;4;1;Paris;1998
1998-06-27;Italy;Norway;1;0;Marseille;1998
1998-06-28;Nigeria;Denmark;1;4;Saint-Denis;1998
1998-06-28;France;Paraguay;1;0;Lens;1998
1998-06-29;Germany;Mexico;2;1;Montpellier;1998
1998-06-29;Netherlands;Serbia;2;1;Toulouse;1998
1998-06-30;Romania;Croatia;0;1;Bordeaux;1998
1998-06-30;Argentina;England;2;2;Saint-Ã‰tienne;1998
1998-07-03;Brazil;Denmark;3;2;Nantes;1998
1998-07-03;France;Italy;0;0;Saint-Denis;1998
1998-07-04;Netherlands;Argentina;2;1;Marseille;1998
1998-07-04;Germany;Croatia;0;3;Lyon;1998
1998-07-07;Brazil;Netherlands;1;1;Marseille;1998
1998-07-08;France;Croatia;2;1;Saint-Denis;1998
1998-07-11;Netherlands;Croatia;1;2;Paris;1998
1998-07-12;France;Brazil;3;0;Saint-Denis;1998
2002-05-31;France;Senegal;0;1;Seoul;2002
2002-06-01;Republic of Ireland;Cameroon;1;1;Niigata;2002
2002-06-01;Uruguay;Denmark;1;2;Ulsan;2002
2002-06-01;Germany;Saudi Arabia;8;0;Sapporo;2002
2002-06-02;Argentina;Nigeria;1;0;Kashima;2002
2002-06-02;Spain;Slovenia;3;1;Gwangju;2002
2002-06-02;Paraguay;South Africa;2;2;Busan;2002
2002-06-02;England;Sweden;1;1;Saitama;2002
2002-06-03;Italy;Ecuador;2;0;Sapporo;2002
2002-06-03;Croatia;Mexico;0;1;Niigata;2002
2002-06-03;Brazil;Turkey;2;1;Ulsan;2002
2002-06-04;Japan;Belgium;2;2;Saitama;2002
2002-06-04;China PR;Costa Rica;0;2;Gwangju;2002
2002-06-04;South Korea;Poland;2;0;Busan;2002
2002-06-05;United States;Portugal;3;2;Suwon;2002
2002-06-05;Germany;Republic of Ireland;1;1;Kashima;2002
2002-06-05;Russia;Tunisia;2;0;Kobe;2002
2002-06-06;Cameroon;Saudi Arabia;1;0;Saitama;2002
2002-06-06;Denmark;Senegal;1;1;Daegu;2002
2002-06-06;France;Uruguay;0;0;Busan;2002
2002-06-07;Argentina;England;0;1;Sapporo;2002
2002-06-07;Sweden;Nigeria;2;1;Kobe;2002
2002-06-07;Spain;Paraguay;3;1;Jeonju;2002
2002-06-08;Brazil;China PR;4;0;Seogwipo;2002
2002-06-08;Italy;Croatia;1;2;Kashima;2002
2002-06-08;South Africa;Slovenia;1;0;Daegu;2002
2002-06-09;Mexico;Ecuador;2;1;Rifu;2002
2002-06-09;Japan;Russia;1;0;Yokohama;2002
2002-06-09;Costa Rica;Turkey;1;1;Incheon;2002
2002-06-10;Tunisia;Belgium;1;1;ÅŒita;2002
2002-06-10;Portugal;Poland;4;0;Jeonju;2002
2002-06-10;South Korea;United States;1;1;Daegu;2002
2002-06-11;Denmark;France;2;0;Incheon;2002
2002-06-11;Cameroon;Germany;0;2;Fukuroi;2002
2002-06-11;Saudi Arabia;Republic of Ireland;0;3;Yokohama;2002
2002-06-11;Senegal;Uruguay;3;3;Suwon;2002
2002-06-12;Sweden;Argentina;1;1;Rifu;2002
2002-06-12;Nigeria;England;0;0;Osaka;2002
2002-06-12;Slovenia;Paraguay;1;3;Seogwipo;2002
2002-06-12;South Africa;Spain;2;3;Daejeon;2002
2002-06-13;Costa Rica;Brazil;2;5;Suwon;2002
2002-06-13;Turkey;China PR;3;0;Seoul;2002
2002-06-13;Ecuador;Croatia;1;0;Yokohama;2002
2002-06-13;Mexico;Italy;1;1;ÅŒita;2002
2002-06-14;South Korea;Portugal;1;0;Incheon;2002
2002-06-14;Belgium;Russia;3;2;Fukuroi;2002
2002-06-14;Japan;Tunisia;2;0;Osaka;2002
2002-06-14;Poland;United States;3;1;Daejeon;2002
2002-06-15;Denmark;England;0;3;Niigata;2002
2002-06-15;Germany;Paraguay;1;0;Seogwipo;2002
2002-06-16;Spain;Republic of Ireland;1;1;Suwon;2002
2002-06-16;Sweden;Senegal;1;2;ÅŒita;2002
2002-06-17;Brazil;Belgium;2;0;Kobe;2002
2002-06-17;Mexico;United States;0;2;Jeonju;2002
2002-06-18;South Korea;Italy;2;1;Daejeon;2002
2002-06-18;Japan;Turkey;0;1;Rifu;2002
2002-06-21;England;Brazil;1;2;Fukuroi;2002
2002-06-21;Germany;United States;1;0;Ulsan;2002
2002-06-22;South Korea;Spain;0;0;Gwangju;2002
2002-06-22;Senegal;Turkey;0;1;Osaka;2002
2002-06-25;South Korea;Germany;0;1;Seoul;2002
2002-06-26;Brazil;Turkey;1;0;Saitama;2002
2002-06-29;South Korea;Turkey;2;3;Daegu;2002
2002-06-30;Germany;Brazil;0;2;Yokohama;2002
2006-06-09;Germany;Costa Rica;4;2;Munich;2006
2006-06-09;Poland;Ecuador;0;2;Gelsenkirchen;2006
2006-06-10;Argentina;Ivory Coast;2;1;Hamburg;2006
2006-06-10;England;Paraguay;1;0;Frankfurt am Main;2006
2006-06-10;Trinidad and Tobago;Sweden;0;0;Dortmund;2006
2006-06-11;Mexico;Iran;3;1;Nuremberg;2006
2006-06-11;Serbia;Netherlands;0;1;Leipzig;2006
2006-06-11;Angola;Portugal;0;1;Cologne;2006
2006-06-12;United States;Czech Republic;0;3;Gelsenkirchen;2006
2006-06-12;Italy;Ghana;2;0;Hanover;2006
2006-06-12;Australia;Japan;3;1;Kaiserslautern;2006
2006-06-13;Brazil;Croatia;1;0;Berlin;2006
2006-06-13;France;Switzerland;0;0;Stuttgart;2006
2006-06-13;South Korea;Togo;2;1;Frankfurt am Main;2006
2006-06-14;Germany;Poland;1;0;Dortmund;2006
2006-06-14;Tunisia;Saudi Arabia;2;2;Munich;2006
2006-06-14;Spain;Ukraine;4;0;Leipzig;2006
2006-06-15;Ecuador;Costa Rica;3;0;Hamburg;2006
2006-06-15;Sweden;Paraguay;1;0;Berlin;2006
2006-06-15;England;Trinidad and Tobago;2;0;Nuremberg;2006
2006-06-16;Mexico;Angola;0;0;Hanover;2006
2006-06-16;Netherlands;Ivory Coast;2;1;Stuttgart;2006
2006-06-16;Argentina;Serbia;6;0;Gelsenkirchen;2006
2006-06-17;Czech Republic;Ghana;0;2;Cologne;2006
2006-06-17;Portugal;Iran;2;0;Frankfurt am Main;2006
2006-06-17;Italy;United States;1;1;Kaiserslautern;2006
2006-06-18;Brazil;Australia;2;0;Munich;2006
2006-06-18;Japan;Croatia;0;0;Nuremberg;2006
2006-06-18;France;South Korea;1;1;Leipzig;2006
2006-06-19;Togo;Switzerland;0;2;Dortmund;2006
2006-06-19;Spain;Tunisia;3;1;Stuttgart;2006
2006-06-19;Saudi Arabia;Ukraine;0;4;Hamburg;2006
2006-06-20;Germany;Ecuador;3;0;Berlin;2006
2006-06-20;Sweden;England;2;2;Cologne;2006
2006-06-20;Costa Rica;Poland;1;2;Hanover;2006
2006-06-20;Paraguay;Trinidad and Tobago;2;0;Kaiserslautern;2006
2006-06-21;Iran;Angola;1;1;Leipzig;2006
2006-06-21;Netherlands;Argentina;0;0;Frankfurt am Main;2006
2006-06-21;Portugal;Mexico;2;1;Gelsenkirchen;2006
2006-06-21;Ivory Coast;Serbia;3;2;Munich;2006
2006-06-22;Croatia;Australia;2;2;Stuttgart;2006
2006-06-22;Japan;Brazil;1;4;Dortmund;2006
2006-06-22;Czech Republic;Italy;0;2;Hamburg;2006
2006-06-22;Ghana;United States;2;1;Nuremberg;2006
2006-06-23;Togo;France;0;2;Cologne;2006
2006-06-23;Switzerland;South Korea;2;0;Hanover;2006
2006-06-23;Saudi Arabia;Spain;0;1;Kaiserslautern;2006
2006-06-23;Ukraine;Tunisia;1;0;Berlin;2006
2006-06-24;Argentina;Mexico;2;1;Leipzig;2006
2006-06-24;Germany;Sweden;2;0;Munich;2006
2006-06-25;England;Ecuador;1;0;Stuttgart;2006
2006-06-25;Portugal;Netherlands;1;0;Nuremberg;2006
2006-06-26;Italy;Australia;1;0;Kaiserslautern;2006
2006-06-26;Switzerland;Ukraine;0;0;Cologne;2006
2006-06-27;Spain;France;1;3;Hanover;2006
2006-06-27;Brazil;Ghana;3;0;Dortmund;2006
2006-06-30;Germany;Argentina;1;1;Berlin;2006
2006-06-30;Italy;Ukraine;3;0;Hamburg;2006
2006-07-01;Brazil;France;0;1;Frankfurt am Main;2006
2006-07-01;England;Portugal;0;0;Gelsenkirchen;2006
2006-07-04;Germany;Italy;0;2;Dortmund;2006
2006-07-05;Portugal;France;0;1;Munich;2006
2006-07-08;Germany;Portugal;3;1;Stuttgart;2006
2006-07-09;Italy;France;1;1;Berlin;2006
2010-06-11;Uruguay;France;0;0;Cape Town;2010
2010-06-11;South Africa;Mexico;1;1;Johannesburg;2010
2010-06-12;South Korea;Greece;2;0;Port Elizabeth;2010
2010-06-12;Argentina;Nigeria;1;0;Johannesburg;2010
2010-06-12;England;United States;1;1;Rustenburg;2010
2010-06-13;Germany;Australia;4;0;Durban;2010
2010-06-13;Serbia;Ghana;0;1;Pretoria;2010
2010-06-13;Algeria;Slovenia;0;1;Polokwane;2010
2010-06-14;Japan;Cameroon;1;0;Bloemfontein;2010
2010-06-14;Netherlands;Denmark;2;0;Johannesburg;2010
2010-06-14;Italy;Paraguay;1;1;Cape Town;2010
2010-06-15;Brazil;North Korea;2;1;Johannesburg;2010
2010-06-15;Ivory Coast;Portugal;0;0;Port Elizabeth;2010
2010-06-15;New Zealand;Slovakia;1;1;Rustenburg;2010
2010-06-16;Honduras;Chile;0;1;Nelspruit;2010
2010-06-16;Spain;Switzerland;0;1;Durban;2010
2010-06-16;South Africa;Uruguay;0;3;Pretoria;2010
2010-06-17;France;Mexico;0;2;Polokwane;2010
2010-06-17;Greece;Nigeria;2;1;Bloemfontein;2010
2010-06-17;Argentina;South Korea;4;1;Johannesburg;2010
2010-06-18;England;Algeria;0;0;Cape Town;2010
2010-06-18;Germany;Serbia;0;1;Port Elizabeth;2010
2010-06-18;Slovenia;United States;2;2;Johannesburg;2010
2010-06-19;Ghana;Australia;1;1;Rustenburg;2010
2010-06-19;Cameroon;Denmark;1;2;Pretoria;2010
2010-06-19;Netherlands;Japan;1;0;Durban;2010
2010-06-20;Brazil;Ivory Coast;3;1;Johannesburg;2010
2010-06-20;Italy;New Zealand;1;1;Nelspruit;2010
2010-06-20;Slovakia;Paraguay;0;2;Bloemfontein;2010
2010-06-21;Spain;Honduras;2;0;Johannesburg;2010
2010-06-21;Portugal;North Korea;7;0;Cape Town;2010
2010-06-21;Chile;Switzerland;1;0;Port Elizabeth;2010
2010-06-22;Greece;Argentina;0;2;Polokwane;2010
2010-06-22;South Africa;France;2;1;Bloemfontein;2010
2010-06-22;Nigeria;South Korea;2;2;Durban;2010
2010-06-22;Mexico;Uruguay;0;1;Rustenburg;2010
2010-06-23;United States;Algeria;1;0;Pretoria;2010
2010-06-23;Slovenia;England;0;1;Port Elizabeth;2010
2010-06-23;Ghana;Germany;0;1;Johannesburg;2010
2010-06-23;Australia;Serbia;2;1;Nelspruit;2010
2010-06-24;Slovakia;Italy;3;2;Johannesburg;2010
2010-06-24;Denmark;Japan;1;3;Rustenburg;2010
2010-06-24;Cameroon;Netherlands;1;2;Cape Town;2010
2010-06-24;Paraguay;New Zealand;0;0;Polokwane;2010
2010-06-25;Portugal;Brazil;0;0;Durban;2010
2010-06-25;Switzerland;Honduras;0;0;Bloemfontein;2010
2010-06-25;North Korea;Ivory Coast;0;3;Nelspruit;2010
2010-06-25;Chile;Spain;1;2;Pretoria;2010
2010-06-26;United States;Ghana;1;2;Rustenburg;2010
2010-06-26;Uruguay;South Korea;2;1;Port Elizabeth;2010
2010-06-27;Germany;England;4;1;Bloemfontein;2010
2010-06-27;Argentina;Mexico;3;1;Johannesburg;2010
2010-06-28;Brazil;Chile;3;0;Johannesburg;2010
2010-06-28;Netherlands;Slovakia;2;1;Durban;2010
2010-06-29;Paraguay;Japan;0;0;Pretoria;2010
2010-06-29;Spain;Portugal;1;0;Cape Town;2010
2010-07-02;Netherlands;Brazil;2;1;Port Elizabeth;2010
2010-07-02;Uruguay;Ghana;1;1;Johannesburg;2010
2010-07-03;Argentina;Germany;0;4;Cape Town;2010
2010-07-03;Paraguay;Spain;0;1;Johannesburg;2010
2010-07-06;Uruguay;Netherlands;2;3;Cape Town;2010
2010-07-07;Germany;Spain;0;1;Durban;2010
2010-07-10;Uruguay;Germany;2;3;Port Elizabeth;2010
2010-07-11;Netherlands;Spain;0;1;Johannesburg;2010
2014-06-12;Brazil;Croatia;3;1;SÃ£o Paulo;2014
2014-06-13;Chile;Australia;3;1;CuiabÃ¡;2014
2014-06-13;Mexico;Cameroon;1;0;Natal;2014
2014-06-13;Spain;Netherlands;1;5;Salvador;2014
2014-06-14;Uruguay;Costa Rica;1;3;Fortaleza;2014
2014-06-14;Colombia;Greece;3;0;Belo Horizonte;2014
2014-06-14;England;Italy;1;2;Manaus;2014
2014-06-14;Ivory Coast;Japan;2;1;Recife;2014
2014-06-15;Argentina;Bosnia and Herzegovina;2;1;Rio de Janeiro;2014
2014-06-15;Switzerland;Ecuador;2;1;BrasÃ­lia;2014
2014-06-15;France;Honduras;3;0;Porto Alegre;2014
2014-06-16;Iran;Nigeria;0;0;Curitiba;2014
2014-06-16;Germany;Portugal;4;0;Salvador;2014
2014-06-16;Ghana;United States;1;2;Natal;2014
2014-06-17;Belgium;Algeria;2;1;Belo Horizonte;2014
2014-06-17;Brazil;Mexico;0;0;Fortaleza;2014
2014-06-17;Russia;South Korea;1;1;CuiabÃ¡;2014
2014-06-18;Spain;Chile;0;2;Rio de Janeiro;2014
2014-06-18;Cameroon;Croatia;0;4;Manaus;2014
2014-06-18;Australia;Netherlands;2;3;Curitiba;2014
2014-06-19;Uruguay;England;2;1;SÃ£o Paulo;2014
2014-06-19;Japan;Greece;0;0;Natal;2014
2014-06-19;Colombia;Ivory Coast;2;1;BrasÃ­lia;2014
2014-06-20;Italy;Costa Rica;0;1;Recife;2014
2014-06-20;Honduras;Ecuador;1;2;Curitiba;2014
2014-06-20;Switzerland;France;2;5;Salvador;2014
2014-06-21;Nigeria;Bosnia and Herzegovina;1;0;CuiabÃ¡;2014
2014-06-21;Germany;Ghana;2;2;Fortaleza;2014
2014-06-21;Argentina;Iran;1;0;Belo Horizonte;2014
2014-06-22;South Korea;Algeria;2;4;Porto Alegre;2014
2014-06-22;United States;Portugal;2;2;Manaus;2014
2014-06-22;Belgium;Russia;1;0;Rio de Janeiro;2014
2014-06-23;Brazil;Cameroon;4;1;BrasÃ­lia;2014
2014-06-23;Netherlands;Chile;2;0;SÃ£o Paulo;2014
2014-06-23;Croatia;Mexico;1;3;Recife;2014
2014-06-23;Australia;Spain;0;3;Curitiba;2014
2014-06-24;Japan;Colombia;1;4;CuiabÃ¡;2014
2014-06-24;Costa Rica;England;0;0;Belo Horizonte;2014
2014-06-24;Greece;Ivory Coast;2;1;Fortaleza;2014
2014-06-24;Italy;Uruguay;0;1;Natal;2014
2014-06-25;Nigeria;Argentina;2;3;Porto Alegre;2014
2014-06-25;Ecuador;France;0;0;Rio de Janeiro;2014
2014-06-25;Bosnia and Herzegovina;Iran;3;1;Salvador;2014
2014-06-25;Honduras;Switzerland;0;3;Manaus;2014
2014-06-26;South Korea;Belgium;0;1;SÃ£o Paulo;2014
2014-06-26;United States;Germany;0;1;Recife;2014
2014-06-26;Portugal;Ghana;2;1;BrasÃ­lia;2014
2014-06-26;Algeria;Russia;1;1;Curitiba;2014
2014-06-28;Brazil;Chile;1;1;Belo Horizonte;2014
2014-06-28;Colombia;Uruguay;2;0;Rio de Janeiro;2014
2014-06-29;Costa Rica;Greece;1;1;Recife;2014
2014-06-29;Netherlands;Mexico;2;1;Fortaleza;2014
2014-06-30;Germany;Algeria;2;1;Porto Alegre;2014
2014-06-30;France;Nigeria;2;0;BrasÃ­lia;2014
2014-07-01;Argentina;Switzerland;1;0;SÃ£o Paulo;2014
2014-07-01;Belgium;United States;2;1;Salvador;2014
2014-07-04;Brazil;Colombia;2;1;Fortaleza;2014
2014-07-04;France;Germany;0;1;Rio de Janeiro;2014
2014-07-05;Argentina;Belgium;1;0;BrasÃ­lia;2014
2014-07-05;Netherlands;Costa Rica;0;0;Salvador;2014
2014-07-08;Brazil;Germany;1;7;Belo Horizonte;2014
2014-07-09;Netherlands;Argentina;0;0;SÃ£o Paulo;2014
2014-07-12;Brazil;Netherlands;0;3;BrasÃ­lia;2014
2014-07-13;Germany;Argentina;1;0;Rio de Janeiro;2014
2018-06-14;Russia;Saudi Arabia;5;0;Moscow;2018
2018-06-15;Morocco;Iran;0;1;Saint Petersburg;2018
2018-06-15;Portugal;Spain;3;3;Sochi;2018
2018-06-15;Egypt;Uruguay;0;1;Ekaterinburg;2018
2018-06-16;France;Australia;2;1;Kazan;2018
2018-06-16;Peru;Denmark;0;1;Saransk;2018
2018-06-16;Argentina;Iceland;1;1;Moscow;2018
2018-06-16;Croatia;Nigeria;2;0;Kaliningrad;2018
2018-06-17;Germany;Mexico;0;1;Moscow;2018
2018-06-17;Costa Rica;Serbia;0;1;Samara;2018
2018-06-17;Brazil;Switzerland;1;1;Rostov-on-Don;2018
2018-06-18;Tunisia;England;1;2;Volgograd;2018
2018-06-18;Belgium;Panama;3;0;Sochi;2018
2018-06-18;Sweden;South Korea;1;0;Nizhny Novgorod;2018
2018-06-19;Russia;Egypt;3;1;Saint Petersburg;2018
2018-06-19;Colombia;Japan;1;2;Saransk;2018
2018-06-19;Poland;Senegal;1;2;Moscow;2018
2018-06-20;Portugal;Morocco;1;0;Moscow;2018
2018-06-20;Uruguay;Saudi Arabia;1;0;Rostov-on-Don;2018
2018-06-20;Iran;Spain;0;1;Kazan;2018
2018-06-21;Denmark;Australia;1;1;Samara;2018
2018-06-21;Argentina;Croatia;0;3;Nizhny Novgorod;2018
2018-06-21;France;Peru;1;0;Ekaterinburg;2018
2018-06-22;Brazil;Costa Rica;2;0;Saint Petersburg;2018
2018-06-22;Nigeria;Iceland;2;0;Volgograd;2018
2018-06-22;Serbia;Switzerland;1;2;Kaliningrad;2018
2018-06-23;South Korea;Mexico;1;2;Rostov-on-Don;2018
2018-06-23;Germany;Sweden;2;1;Sochi;2018
2018-06-23;Belgium;Tunisia;5;2;Moscow;2018
2018-06-24;Poland;Colombia;0;3;Kazan;2018
2018-06-24;England;Panama;6;1;Nizhny Novgorod;2018
2018-06-24;Japan;Senegal;2;2;Ekaterinburg;2018
2018-06-25;Saudi Arabia;Egypt;2;1;Volgograd;2018
2018-06-25;Spain;Morocco;2;2;Kaliningrad;2018
2018-06-25;Iran;Portugal;1;1;Saransk;2018
2018-06-25;Russia;Uruguay;0;3;Samara;2018
2018-06-26;Nigeria;Argentina;1;2;Saint Petersburg;2018
2018-06-26;Iceland;Croatia;1;2;Rostov-on-Don;2018
2018-06-26;Denmark;France;0;0;Moscow;2018
2018-06-26;Australia;Peru;0;2;Sochi;2018
2018-06-27;Serbia;Brazil;0;2;Moscow;2018
2018-06-27;Switzerland;Costa Rica;2;2;Nizhny Novgorod;2018
2018-06-27;South Korea;Germany;2;0;Kazan;2018
2018-06-27;Mexico;Sweden;0;3;Ekaterinburg;2018
2018-06-28;England;Belgium;0;1;Kaliningrad;2018
2018-06-28;Senegal;Colombia;0;1;Samara;2018
2018-06-28;Japan;Poland;0;1;Volgograd;2018
2018-06-28;Panama;Tunisia;1;2;Saransk;2018
2018-06-30;France;Argentina;4;3;Kazan;2018
2018-06-30;Uruguay;Portugal;2;1;Sochi;2018
2018-07-01;Croatia;Denmark;1;1;Nizhny Novgorod;2018
2018-07-01;Russia;Spain;1;1;Moscow;2018
2018-07-02;Belgium;Japan;3;2;Rostov-on-Don;2018
2018-07-02;Brazil;Mexico;2;0;Samara;2018
2018-07-03;Colombia;England;1;1;Moscow;2018
2018-07-03;Sweden;Switzerland;1;0;Saint Petersburg;2018
2018-07-06;Brazil;Belgium;1;2;Kazan;2018
2018-07-06;Uruguay;France;0;2;Nizhny Novgorod;2018
2018-07-07;Russia;Croatia;2;2;Sochi;2018
2018-07-07;Sweden;England;0;2;Samara;2018
2018-07-10;France;Belgium;1;0;Saint Petersburg;2018
2018-07-11;Croatia;England;2;1;Moscow;2018
2018-07-14;Belgium;England;2;0;Saint Petersburg;2018
2018-07-15;France;Croatia;4;2;Moscow;2018
2022-11-20;Qatar;Ecuador;0;2;Al Khor;2022
2022-11-21;England;Iran;6;2;Al Rayyan;2022
2022-11-21;Senegal;Netherlands;0;2;Doha;2022
2022-11-21;United States;Wales;1;1;Al Rayyan;2022
2022-11-22;France;Australia;4;1;Al Wakrah;2022
2022-11-22;Mexico;Poland;0;0;Doha;2022
2022-11-22;Argentina;Saudi Arabia;1;2;Lusail;2022
2022-11-22;Denmark;Tunisia;0;0;Al Rayyan;2022
2022-11-23;Belgium;Canada;1;0;Al Rayyan;2022
2022-11-23;Spain;Costa Rica;7;0;Doha;2022
2022-11-23;Morocco;Croatia;0;0;Al Khor;2022
2022-11-23;Germany;Japan;1;2;Al Rayyan;2022
2022-11-24;Switzerland;Cameroon;1;0;Al Wakrah;2022
2022-11-24;Portugal;Ghana;3;2;Doha;2022
2022-11-24;Brazil;Serbia;2;0;Lusail;2022
2022-11-24;Uruguay;South Korea;0;0;Al Rayyan;2022
2022-11-25;Netherlands;Ecuador;1;1;Al Rayyan;2022
2022-11-25;Wales;Iran;0;2;Al Rayyan;2022
2022-11-25;Qatar;Senegal;1;3;Doha;2022
2022-11-25;England;United States;0;0;Al Khor;2022
2022-11-26;Tunisia;Australia;0;1;Al Wakrah;2022
2022-11-26;France;Denmark;2;1;Doha;2022
2022-11-26;Argentina;Mexico;2;0;Lusail;2022
2022-11-26;Poland;Saudi Arabia;2;0;Al Rayyan;2022
2022-11-27;Croatia;Canada;4;1;Al Rayyan;2022
2022-11-27;Japan;Costa Rica;0;1;Al Rayyan;2022
2022-11-27;Spain;Germany;1;1;Al Khor;2022
2022-11-27;Belgium;Morocco;0;2;Doha;2022
2022-11-28;South Korea;Ghana;2;3;Al Rayyan;2022
2022-11-28;Cameroon;Serbia;3;3;Al Wakrah;2022
2022-11-28;Brazil;Switzerland;1;0;Doha;2022
2022-11-28;Portugal;Uruguay;2;0;Lusail;2022
2022-11-29;Wales;England;0;3;Al Rayyan;2022
2022-11-29;Qatar;Netherlands;0;2;Al Khor;2022
2022-11-29;Ecuador;Senegal;1;2;Al Rayyan;2022
2022-11-29;Iran;United States;0;1;Doha;2022
2022-11-30;Poland;Argentina;0;2;Doha;2022
2022-11-30;Australia;Denmark;1;0;Al Wakrah;2022
2022-11-30;Tunisia;France;1;0;Al Rayyan;2022
2022-11-30;Saudi Arabia;Mexico;1;2;Lusail;2022
2022-12-01;Croatia;Belgium;0;0;Al Rayyan;2022
2022-12-01;Costa Rica;Germany;2;4;Al Khor;2022
2022-12-01;Canada;Morocco;1;2;Doha;2022
2022-12-01;Japan;Spain;2;1;Al Rayyan;2022
2022-12-02;Cameroon;Brazil;1;0;Lusail;2022
2022-12-02;South Korea;Portugal;2;1;Al Rayyan;2022
2022-12-02;Serbia;Switzerland;2;3;Doha;2022
2022-12-02;Ghana;Uruguay;0;2;Al Wakrah;2022
2022-12-03;Argentina;Australia;2;1;Al Rayyan;2022
2022-12-03;Netherlands;United States;3;1;Al Rayyan;2022
2022-12-04;France;Poland;3;1;Doha;2022
2022-12-04;England;Senegal;3;0;Al Khor;2022
2022-12-05;Japan;Croatia;1;1;Al Wakrah;2022
2022-12-05;Brazil;South Korea;4;1;Doha;2022
2022-12-06;Morocco;Spain;0;0;Al Rayyan;2022
2022-12-06;Portugal;Switzerland;6;1;Lusail;2022
2022-12-09;Netherlands;Argentina;2;2;Lusail;2022
2022-12-09;Croatia;Brazil;1;1;Al Rayyan;2022
2022-12-10;England;France;1;2;Al Khor;2022
2022-12-10;Morocco;Portugal;1;0;Doha;2022
2022-12-13;Argentina;Croatia;3;0;Lusail;2022
2022-12-14;France;Morocco;2;0;Al Khor;2022
2022-12-17;Croatia;Morocco;2;1;Al Rayyan;2022
2022-12-18;Argentina;France;3;3;Lusail;2022
